id,parent_id,title,uri
0-up,,org,/org/
108,0,Президент,/org/prezident/
173,108,Администрация Президента,/org/prezident/admin/
480,108,Совет Безопасности,/org/prezident/sovbez/
2617,108,Канцелярия,/org/prezident/dokumenty/
481,108,Государственный Совет,/org/prezident/gossovet/
3563,108,Полпреды Президента в федеральных округах,/org/prezident/polpred/
3554,108,Общественная палата,/org/prezident/palata/
4094,108,Совет по правам человека,/org/prezident/sovet/
3830,108,Уполномоченный по правам ребенка,/org/prezident/detombudsmen/
1941,108,Уполномоченный по правам человека,/org/prezident/prava/
174,108,Управление делами Президента,/org/prezident/upravdelami/
4,0,Правительство,/org/pravitelstvo/
1473,4,Председатель Правительства,/org/pravitelstvo/premier/
2871,4,Вице-премьеры,/org/pravitelstvo/vicepremijery/
3139,4,Президиум ,/org/pravitelstvo/prezidium/
2618,4,Канцелярия,/org/pravitelstvo/dokumenty/
1971,4,Аппарат Правительства,/org/pravitelstvo/apparat/
195,4,МВД,/org/pravitelstvo/mvd/
383,195,ГИБДД,/org/pravitelstvo/mvd/gibdd/
226,4,МЧС,/org/pravitelstvo/emercom/
621,226,Государственная противопожарная служба (ГПС),/org/pravitelstvo/emercom/pogarniki/
187,4,МИД,/org/pravitelstvo/mid/
3134,187,Россотрудничество,/org/pravitelstvo/mid/fedsng/
120,4,Минобороны,/org/pravitelstvo/minoboroni/
3133,120,Федеральная служба по военно-техническому сотрудничеству (ФСВТС),/org/pravitelstvo/minoboroni/fedvoen/
2022,120,Федеральная служба по техническому и экспортному контролю (ФСТЭК),/org/pravitelstvo/minoboroni/texkontrol/
2962,120,Спецстрой,/org/pravitelstvo/minoboroni/specstroy/
942,120,Генштаб ВС РФ,/org/pravitelstvo/minoboroni/genshtab/
122,120,Воздушно-космические силы (ВКС),/org/pravitelstvo/minoboroni/vvs/
121,120,Военно-морской флот,/org/pravitelstvo/minoboroni/vmf/
126,120,Воздушно-десантные войска (ВДВ),/org/pravitelstvo/minoboroni/vdv/
1794,120,Ракетные войска стратегического назначения (РВСН),/org/pravitelstvo/minoboroni/rvsn/
3347,120,Сухопутные войска,/org/pravitelstvo/minoboroni/pehota/
2417,120,Главное разведывательное управление (ГРУ),/org/pravitelstvo/minoboroni/gru/
353,4,Минюст,/org/pravitelstvo/minyust/
683,353,ФСИН,/org/pravitelstvo/minyust/guin/
2025,353,ФССП,/org/pravitelstvo/minyust/sudprist/
1522,4,Государственная фельдъегерская служба (ГФС),/org/pravitelstvo/feldegeri/
2026,4,Служба внешней разведки (СВР),/org/pravitelstvo/razvedka/
493,4,ФСБ,/org/pravitelstvo/fsb/
1720,493,Пограничная служба ФСБ,/org/pravitelstvo/fsb/granitsa/
2000,4,ФСО,/org/pravitelstvo/fso/
3131,4,Росфинмониторинг,/org/pravitelstvo/fedmonitoring/
3590,4,Генпрокуратура,/org/pravitelstvo/genprok/
3592,3590,Главная военная прокуратура,/org/pravitelstvo/genprok/gvp/
3591,4,Следственный комитет,/org/pravitelstvo/sledkom/
1970,4,Минздрав,/org/pravitelstvo/minzdravsoc/
1968,4,Минкультуры,/org/pravitelstvo/minkultmk/
1975,4,Минобрнауки,/org/pravitelstvo/minobrnauka/
698,4,Минприроды,/org/pravitelstvo/minprirody/
2037,698,Росводресурсы,/org/pravitelstvo/minprirody/voda/
3122,698,Росгидромет,/org/pravitelstvo/minprirody/monitor/
4041,698,Рослесхоз,/org/pravitelstvo/minprirody/les/
2011,698,Роснедра,/org/pravitelstvo/minprirody/nedropolzovanie/
2038,698,Росприроднадзор,/org/pravitelstvo/minprirody/ekonadzor/
4325,4,Минпросвещения,/org/pravitelstvo/prosveschenie/
1973,4,Минпромторг,/org/pravitelstvo/minpromenergo/
918,1973,Росстандарт,/org/pravitelstvo/minpromenergo/gosstandart/
4043,4,Минвостокразвития,/org/pravitelstvo/daliniy/
2590,4,Минкомсвязь,/org/pravitelstvo/svyazj/
3124,2590,Роскомнадзор,/org/pravitelstvo/svyazj/maskom/
3126,2590,Роспечать,/org/pravitelstvo/svyazj/fedpechat/
3127,2590,Россвязь,/org/pravitelstvo/svyazj/fedsvyaz/
95,4,Минсельхоз,/org/pravitelstvo/minselhoz/
4044,95,Росрыболовство,/org/pravitelstvo/minselhoz/rosrybolovstvo/
2044,95,Россельхознадзор,/org/pravitelstvo/minselhoz/vetnadzor/
3114,4,Минспорт,/org/pravitelstvo/minsport/
4134,4,Минстрой,/org/pravitelstvo/stroitelstvozhkh/
1969,4,Минтранс,/org/pravitelstvo/mintranssvyaz/
1987,1969,Ространснадзор,/org/pravitelstvo/mintranssvyaz/gostransnadzor/
2045,1969,Росавиация,/org/pravitelstvo/mintranssvyaz/transvozdux/
1988,1969,Росавтодор,/org/pravitelstvo/mintranssvyaz/feddoragentstvo/
1989,1969,Росжелдор,/org/pravitelstvo/mintranssvyaz/fedzhdtrans/
2046,1969,Росморречфлот,/org/pravitelstvo/mintranssvyaz/vodntransport/
4032,4,Минтруд,/org/pravitelstvo/trud/
4033,4032,Роструд,/org/pravitelstvo/trud/zanyatost/
158,4,Минфин,/org/pravitelstvo/minfin/
517,158,ФНС,/org/pravitelstvo/minfin/mns/
815,158,Федеральное казначейство,/org/pravitelstvo/minfin/kaznachejstvo/
727,158,"Объединение ""Гознак""",/org/pravitelstvo/minfin/goznak/
4357,158,Росалкогольрегулирование,/org/pravitelstvo/minfin/fsrar/
4355,158,Росимущество,/org/pravitelstvo/minfin/rosimuschestvo/
4365,158,ФТС,/org/pravitelstvo/minfin/fts/
111,4,Минэкономразвития,/org/pravitelstvo/minekonom/
4059,111,Росаккредитация,/org/pravitelstvo/minekonom/akkreditaciya/
4038,111,Роспатент,/org/pravitelstvo/minekonom/sobstvennost/
4366,111,Росстат,/org/pravitelstvo/minekonom/rosstat/
4358,111,Ростуризм,/org/pravitelstvo/minekonom/rosturizm/
3115,4,Минэнерго,/org/pravitelstvo/minenergo/
2013,4,ФАС,/org/pravitelstvo/fedantimonopol/
4034,4,Роспотребнадзор,/org/pravitelstvo/potrebnadzor/
4040,4,Ростехнадзор,/org/pravitelstvo/atom/
2261,4,"""Роскосмос""",/org/pravitelstvo/kosmos/
4298,4,Главное управление специальных программ,/org/pravitelstvo/gusp/
4356,4,Росархив,/org/pravitelstvo/rosarhiv/
4297,4,Росгвардия,/org/pravitelstvo/gvardia/
4360,4,Росздравнадзор,/org/pravitelstvo/roszdravnadzor/
4364,4,Росмолодежь,/org/pravitelstvo/fadm/
4361,4,Рособрнадзор,/org/pravitelstvo/rosobrnadzor/
4359,4,Росреестр,/org/pravitelstvo/rosreestr/
4362,4,Росрезерв,/org/pravitelstvo/rosreserv/
4296,4,ФАДН,/org/pravitelstvo/fadn/
4136,4,ФАНО,/org/pravitelstvo/fano/
4363,4,Федеральное медико-биологическое агентство (ФМБА России),/org/pravitelstvo/fmba/
81,0,Законодательная власть,/org/zakon/
82,81,Госдума,/org/zakon/gosduma/
83,81,Совет Федерации,/org/zakon/sovfed/
64,0,Судебная власть,/org/sudvlast/
1052,64,Конституционный суд,/org/sudvlast/konstsud/
161,64,Суды общей юрисдикции,/org/sudvlast/sudobshyurisdik/
494,161,Верховный суд,/org/sudvlast/sudobshyurisdik/verhsud/
2415,161,Басманный суд Москвы,/org/sudvlast/sudobshyurisdik/basman/
1612,161,Городской суд Санкт-Петербурга,/org/sudvlast/sudobshyurisdik/piter/
1357,161,Замоскворецкий суд Москвы,/org/sudvlast/sudobshyurisdik/zs/
2120,161,Мещанский суд Москвы,/org/sudvlast/sudobshyurisdik/meschanskysud/
1964,161,Московский городской суд,/org/sudvlast/sudobshyurisdik/mosgorsud/
2289,161,Тверской суд Москвы,/org/sudvlast/sudobshyurisdik/tverskoy-sud/
2132,64,Военные суды,/org/sudvlast/voensud/
477,0,Госфонды и контрольные органы,/org/goskontrol/
3863,477,Агентство стратегических инициатив,/org/goskontrol/asi/
1537,477,Пенсионный фонд,/org/goskontrol/pensii/
4308,477,Роскачество,/org/goskontrol/roskachestvo/
3858,477,Российский фонд прямых инвестиций,/org/goskontrol/investicii/
479,477,Счетная палата,/org/goskontrol/schet/
1276,477,Федеральный фонд обязательного медицинского страхования,/org/goskontrol/ffomc/
1540,477,Фонд социального страхования,/org/goskontrol/sotcial/
986,477,Центральный банк,/org/goskontrol/zbrf/
478,477,ЦИК,/org/goskontrol/cik/
89,0,Партии,/org/partii/
90,89,"""Единая Россия""",/org/partii/edinrossiya/
97,89,КПРФ,/org/partii/kprf/
96,89,ЛДПР,/org/partii/ldpr/
91,89,"""Яблоко""",/org/partii/yabloko/
3262,89,"""Правое дело""",/org/partii/pravoedelo/
307,89,"""Справедливая Россия""",/org/partii/narod/
394,0,"Фонды, ассоциации и союзы",/org/fondy/
2765,394,Ассоциации,/org/fondy/associacii/
3361,2765,АРБ Ассоциация российских банков,/org/fondy/associacii/arb/
3362,2765,Ассоциация региональных банков России,/org/fondy/associacii/region/
2766,394,Союзы,/org/fondy/soiuzy/
2771,2766,Российский союз промышленников и предпринимателей,/org/fondy/soiuzy/rspp/
2770,2766,Российский союз автостраховщиков,/org/fondy/soiuzy/avtostrah/
996,394,Торгово-промышленная палата России,/org/fondy/torgprompalros/
3588,394,Федерация независимых профсоюзов России (ФНПР),/org/fondy/profsoyuz/
2764,394,Фонды,/org/fondy/fondy/
2767,2764,Фонд Горбачева,/org/fondy/fondy/gorbachev/
2769,2764,"Фонд ""Общественное мнение"" (ФОМ)",/org/fondy/fondy/fom/
2768,2764,"Фонд ""Открытая Россия""",/org/fondy/fondy/otkrus/
58,0,Компании,/org/companies/
469,58,Авиация,/org/companies/aviazija/
3903,469,ОАК,/org/companies/aviazija/oak/
2565,469,"""Аэрофлот""",/org/companies/aviazija/aeroflot/
2985,469,S7 Airlines,/org/companies/aviazija/sibir/
964,469,Аэропорт Внуково,/org/companies/aviazija/vnukovo/
1660,469,Аэропорт Домодедово,/org/companies/aviazija/domodedovo/
1416,469,Аэропорт Шереметьево,/org/companies/aviazija/sheremetjevo/
4302,469,Аэропорт Жуковский,/org/companies/aviazija/jukovskii/
2984,469,Аэропорт Кольцово,/org/companies/aviazija/kolcovo/
2370,469,Аэропорт Пулково,/org/companies/aviazija/Pulkovo/
1109,469,Аэропорт Толмачево,/org/companies/aviazija/tolm/
3963,469,Airbus,/org/companies/aviazija/airbus/
3962,469,Boeing,/org/companies/aviazija/boeing/
3800,469,ВАСО,/org/companies/aviazija/vaso/
1443,469,Европейское космическое агентство,/org/companies/aviazija/evrokosmos/
581,58,Автомобилестроение,/org/companies/mashinostroenije/
3996,581,Российский автопром,/org/companies/mashinostroenije/avtoprom/
3997,3996,АвтоВАЗ,/org/companies/mashinostroenije/avtoprom/avtovaz/
3998,3996,ГАЗ,/org/companies/mashinostroenije/avtoprom/gaz/
3999,3996,КАМАЗ,/org/companies/mashinostroenije/avtoprom/kamaz/
4000,3996,Соллерс,/org/companies/mashinostroenije/avtoprom/sollers/
4001,3996,ЗИЛ,/org/companies/mashinostroenije/avtoprom/zil/
4064,3996,ИжАвто,/org/companies/mashinostroenije/avtoprom/izhavto/
4002,3996,УАЗ,/org/companies/mashinostroenije/avtoprom/uaz/
4003,581,Зарубежный автопром,/org/companies/mashinostroenije/inoavtoprom/
4005,4003,Toyota,/org/companies/mashinostroenije/inoavtoprom/toyota/
4006,4003,Ford,/org/companies/mashinostroenije/inoavtoprom/ford/
4007,4003,General Motors,/org/companies/mashinostroenije/inoavtoprom/gm/
4008,4003,Opel,/org/companies/mashinostroenije/inoavtoprom/opel/
4018,4003,Renault,/org/companies/mashinostroenije/inoavtoprom/renault/
4004,4003,МАЗ,/org/companies/mashinostroenije/inoavtoprom/maz/
453,58,Биржи,/org/companies/birgi/
4009,453,ММВБ-РТС,/org/companies/birgi/rusbirzhi/
3981,453,Американские биржи,/org/companies/birgi/dowjones/
4015,453,Азиатские биржи,/org/companies/birgi/aziabirzhi/
4014,453,Европейские биржи,/org/companies/birgi/eubirzhi/
285,58,ВПК,/org/companies/vpk/
913,285,"""Рособоронэкспорт""",/org/companies/vpk/rosoboronexport/
2278,285,"РКК ""Энергия""",/org/companies/vpk/energia/
286,285,"КБ ""Сухой""",/org/companies/vpk/su/
757,285,"РСК ""МиГ""",/org/companies/vpk/mig/
4135,285,"""Калашников""",/org/companies/vpk/kalashnikov/
528,285,"ОАО ""Концерн ПВО ""Алмаз-Антей""",/org/companies/vpk/pvoalmazantei/
4063,285,Уралвагонзавод,/org/companies/vpk/uralvagonzavod/
3508,58,Госкорпорации,/org/companies/goskorporacii/
3515,3508,Агентство по страхованию вкладов,/org/companies/goskorporacii/agentstvo/
3509,3508,ВЭБ.РФ,/org/companies/goskorporacii/vneshekonombank/
3993,3508,ОСК,/org/companies/goskorporacii/osk/
3514,3508,Росатом,/org/companies/goskorporacii/rosatom/
3511,3508,Роснано,/org/companies/goskorporacii/rosnano/
3512,3508,Ростех,/org/companies/goskorporacii/rostehnologii/
3510,3508,Фонд содействия реформированию ЖКХ,/org/companies/goskorporacii/fondgkh/
2134,58,Информационные технологии,/org/companies/informteh/
3663,2134,Apple,/org/companies/informteh/apple/
3803,2134,Facebook,/org/companies/informteh/facebook/
3662,2134,Google,/org/companies/informteh/google/
4085,2134,HTC,/org/companies/informteh/htc/
3988,2134,IBM,/org/companies/informteh/ibm/
3805,2134,Intel,/org/companies/informteh/intel/
4194,2134,LG,/org/companies/informteh/lg/
3666,2134,Mail.ru,/org/companies/informteh/mailru/
2135,2134,Microsoft,/org/companies/informteh/microsoft/
3835,2134,Nokia,/org/companies/informteh/nokia/
3664,2134,Rambler,/org/companies/informteh/rambler/
3828,2134,RuTube,/org/companies/informteh/rutube/
3864,2134,Samsung,/org/companies/informteh/samsung/
3799,2134,Skype,/org/companies/informteh/skype/
3905,2134,Sony,/org/companies/informteh/sony/
3987,2134,SUP,/org/companies/informteh/sup/
3806,2134,Twitter,/org/companies/informteh/twitter/
4017,2134,Wikipedia,/org/companies/informteh/Wikipedia/
4058,2134,Yahoo!,/org/companies/informteh/yahoo/
3801,2134,YouTube,/org/companies/informteh/youtube/
3807,2134,ВКонтакте,/org/companies/informteh/vkontakte/
3843,2134,Лаборатория Касперского,/org/companies/informteh/kasperskiy/
3827,2134,Одноклассники,/org/companies/informteh/odnoklassniki/
3589,2134,Яндекс,/org/companies/informteh/yandex/
721,58,Металлургия и горнодобыча,/org/companies/metallandgorn/
3607,721,Норильский никель,/org/companies/metallandgorn/nornikel/
2654,721,Северсталь,/org/companies/metallandgorn/severstal/
3608,721,Русал,/org/companies/metallandgorn/rusal/
3604,721,Распадская,/org/companies/metallandgorn/raspadskaya/
2455,721,Магнитогорский металлургический комбинат,/org/companies/metallandgorn/magnitka/
3618,721,Новолипецкий металлургический комбинат,/org/companies/metallandgorn/nlmk/
3613,721,Евраз,/org/companies/metallandgorn/evraz/
3617,721,Мечел,/org/companies/metallandgorn/mechel/
3614,721,Полюс золото,/org/companies/metallandgorn/poluszoloto/
3600,721,Алроса,/org/companies/metallandgorn/alrosa/
3601,721,Белон,/org/companies/metallandgorn/belon/
3616,721,Металлоинвест,/org/companies/metallandgorn/metalloinvest/
3606,721,ВСМПО-АВИСМА,/org/companies/metallandgorn/avisma/
3625,3623,Акрон,/org/companies/himprom/akron/
3619,721,Объединенная металлургическая компания,/org/companies/metallandgorn/obiedmetall/
3609,721,Русская медная компания,/org/companies/metallandgorn/rusmedcompany/
3621,721,Трубная металлургическая компания,/org/companies/metallandgorn/trubcompany/
3622,721,Челябинский трубопрокатный завод,/org/companies/metallandgorn/chelyabzavod/
59,58,Нефть и газ,/org/companies/neftigaz/
450,59,Газпром,/org/companies/neftigaz/gazprom/
1566,59,Газпром нефть,/org/companies/neftigaz/gazpromneft/
600,59,Роснефть,/org/companies/neftigaz/rosneft/
85,59,ЛУКОЙЛ,/org/companies/neftigaz/lukoil/
3595,59,НоваТЭК,/org/companies/neftigaz/novatek/
2279,59,Сургутнефтегаз,/org/companies/neftigaz/surgutneftegaz/
2626,59,Транснефть,/org/companies/neftigaz/transneft/
3598,59,Татнефть,/org/companies/neftigaz/tatneft/
3593,59,Башнефть,/org/companies/neftigaz/bashneft/
992,59,Белтрансгаз,/org/companies/neftigaz/beltransgaz/
3596,59,РуссНефть,/org/companies/neftigaz/russneft/
3587,59,British Petroleum,/org/companies/neftigaz/bp/
3975,58,Пищевая промышленность,/org/companies/food/
3979,3975,Danon,/org/companies/food/danon/
3977,3975,Nestle,/org/companies/food/nestle/
3976,3975,Балтика,/org/companies/food/baltika/
3980,3975,Пепсико,/org/companies/food/pepsico/
4159,58,Пресс-релизы компаний,/org/companies/release/
4271,58,Региональные пресс-релизы,/org/companies/regrelease/
4285,4271,Пресс-релизы ДФО,/org/companies/regrelease/dfo/
4286,4271,Пресс-релизы КФО,/org/companies/regrelease/kfo/
4287,4271,Пресс-релизы ПФО,/org/companies/regrelease/pfo/
4288,4271,Пресс-релизы СЗФО,/org/companies/regrelease/szfo/
4289,4271,Пресс-релизы СКФО,/org/companies/regrelease/skfo/
4290,4271,Пресс-релизы СФО,/org/companies/regrelease/sibfo/
4291,4271,Пресс-релизы УрФО,/org/companies/regrelease/urfo/
4292,4271,Пресс-релизы ЦФО,/org/companies/regrelease/cfo/
4293,4271,Пресс-релизы ЮФО,/org/companies/regrelease/ufo/
1515,58,Связь,/org/companies/svjaz/
1955,1515,Ростелеком,/org/companies/svjaz/rostelekom/
2562,1515,МТС,/org/companies/svjaz/mts/
2572,1515,Вымпелком,/org/companies/svjaz/vympelcom/
3665,1515,Мегафон,/org/companies/svjaz/megafon/
1757,1515,МГТС,/org/companies/svjaz/mgts/
1516,1515,Почта России,/org/companies/svjaz/pochtamt/
1520,1515,Роспечать,/org/companies/svjaz/rospechat/
2117,1515,ТрансТелеКом,/org/companies/svjaz/transtelecom/
1017,58,Сельское хозяйство,/org/companies/selhoz/
3369,1017,Объединенная зерновая компания,/org/companies/selhoz/zerno/
1657,1017,Росагролизинг,/org/companies/selhoz/rosagro/
4342,58,СМИ,/org/companies/smi/
4343,4342,Медиакорпорация Китая,/org/companies/smi/mediachina/
3966,58,Торговля,/org/companies/retail/
3969,3966,X5 Retail Group,/org/companies/retail/x5retail/
3972,3966,"Аптечная сеть 36,6",/org/companies/retail/apteka/
3967,3966,Ашан,/org/companies/retail/auchan/
3971,3966,Магнит,/org/companies/retail/magnit/
3974,3966,М.видео,/org/companies/retail/mvideo/
3970,3966,Эльдорадо,/org/companies/retail/eldorado/
1049,58,Транспорт,/org/companies/transport/
1323,1049,"Госкомпания ""Росавтодор""",/org/companies/transport/rosavtodor/
1517,1049,"ОАО ""Российские железные дороги"" ",/org/companies/transport/rgd/
3991,1049,Siemens,/org/companies/transport/siemens/
3461,1049,Московский метрополитен,/org/companies/transport/metro-msk/
2359,1049,Мосгортранс,/org/companies/transport/mosgortrans/
1430,1049,Метрополитен Санкт-Петербурга,/org/companies/transport/metro-spb/
4113,58,Туризм,/org/companies/tourism/
4114,4113,"ОАО ""Курорты Северного Кавказа""",/org/companies/tourism/ksk/
776,58,Финансы,/org/companies/finansy/
1143,776,МСП Банк,/org/companies/finansy/rbr/
1394,776,Сбербанк,/org/companies/finansy/sberbank/
2948,776,ВТБ,/org/companies/finansy/vtb/
3371,776,Газпромбанк,/org/companies/finansy/gazprom/
2288,776,Альфа-банк,/org/companies/finansy/alfa/
3370,776,Россельхозбанк,/org/companies/finansy/selhoz/
3986,776,Citigroup,/org/companies/finansy/citigroup/
3989,776,UniCredit Bank,/org/companies/finansy/unicredit/
3959,776,Рейтинговое агентство Fitch,/org/companies/finansy/fitch/
1025,776,Рейтинговое агентство Moody's,/org/companies/finansy/mood/
1810,776,Рейтинговое агентство Standard & Poor's,/org/companies/finansy/poor/
1708,776,Росгосстрах,/org/companies/finansy/rosgosstrah/
3623,58,Химическая промышленность,/org/companies/himprom/
3637,3623,Уралкалий,/org/companies/himprom/uralkalii/
3628,3623,Еврохим,/org/companies/himprom/eurohim/
3636,3623,Тольяттиазот,/org/companies/himprom/toliattiazot/
3634,3623,Сильвинит,/org/companies/himprom/silvinit/
3640,3623,ФосАгро,/org/companies/himprom/fosagro/
3627,3623,Дорогобуж,/org/companies/himprom/dorogobuj/
3632,3623,Полипластик,/org/companies/himprom/poliplastik/
3635,3623,ТАИФ,/org/companies/himprom/taif/
3638,3623,УРАЛХИМ,/org/companies/himprom/uralhim/
345,58,Энергетика,/org/companies/energetika/
3658,345,Интер РАО ЕЭС,/org/companies/energetika/interrao/
3646,345,Русгидро,/org/companies/energetika/rusgidro/
3659,345,Холдинг МРСК,/org/companies/energetika/mrsk/
3964,345,ФСК ЕЭС,/org/companies/energetika/fskees/
2407,345,Мосэнерго,/org/companies/energetika/mosenergo/
2936,345,Атомэнергопром,/org/companies/energetika/atom/
2106,345,Интерэнергосервис,/org/companies/energetika/interenergo/
3656,345,Мосэнергосбыт,/org/companies/energetika/mosenergosbyt/
1809,345,Росэнергоатом,/org/companies/energetika/rosenergoatom/
2206,345,Саяно-Шушенская ГЭС,/org/companies/energetika/sshges/
6,0,Международные организации,/org/international/
237,6,ООН,/org/international/oon/
238,237,Совет Безопасности ООН,/org/international/oon/sovbez/
3555,237,ЮНЕСКО,/org/international/oon/unesko/
4022,237,ЮНИСЕФ,/org/international/oon/unicef/
3558,6,СНГ,/org/international/sng/
3839,3558,Исполнительный комитет СНГ,/org/international/sng/komitet/
3842,3558,Совет по внешней и оборонной политике (СВОП),/org/international/sng/svop/
3841,3558,"Фонд ""Русский мир""",/org/international/sng/mir/
3557,6,Союзное государство России и Беларуси,/org/international/soyuz/
3559,6,ОДКБ,/org/international/odkb/
3561,6,Евразийский экономический союз (ЕАЭС),/org/international/evrazes/
4060,6,Евразийская экономическая комиссия (ЕЭК),/org/international/eek/
4086,6,Суд ЕврАзЭС,/org/international/sudevrazes/
3556,6,Таможенный союз (ТС),/org/international/t-union/
3560,6,Единое экономическое пространство (ЕЭП),/org/international/eep/
887,6,ШОС,/org/international/shos/
3562,6,БРИКС,/org/international/briks/
775,6,МАГАТЭ,/org/international/atomenergia/
1189,6,Международное энергетическое агентство (МЭА),/org/international/energetik/
1188,6,ОПЕК,/org/international/opec/
253,6,Европейский союз,/org/international/evrosoyuz/
2239,253,Европарламент,/org/international/evrosoyuz/evroparlament/
254,253,Европейская комиссия,/org/international/evrosoyuz/evrokomissiya/
1001,6,ЕСПЧ,/org/international/evropsud/
1216,6,ОБСЕ,/org/international/obse/
592,6,НАТО,/org/international/nato/
1179,6,АТЭС,/org/international/ates/
2282,6,АСЕАН,/org/international/asean/
4016,6,Лига арабских государств (ЛАГ),/org/international/las/
529,6,Организация исламского сотрудничества,/org/international/islamkonf/
4020,6,Африканский союз (АС),/org/international/as/
1852,6,МВФ,/org/international/mvf/
476,6,ВТО,/org/international/vto/
1740,6,Всемирный банк (ВБ),/org/international/vb/
2193,6,Европейский банк реконструкции и развития,/org/international/evropbank/
1753,6,Всемирный экономический форум (ВЭФ),/org/international/wef/
1784,6,Всемирная таможенная организация,/org/international/tamoznja/
3421,6,ВОЗ,/org/international/voz/
2651,6,ГУАМ,/org/international/guam/
3992,6,Межгосударственный авиационный комитет,/org/international/mak/
616,6,Международный трибунал по бывшей Югославии (МТБЮ),/org/international/tribunal/
4145,6,Совет Европы,/org/international/se/
4026,6,Центр диалога и согласия России и Польши,/org/international/polsha/
199,0,Наука и образование,/org/nauka/
347,199,РАН,/org/nauka/ran/
3454,199,ВЦИОМ,/org/nauka/vciom/
3459,199,Высшая школа экономики,/org/nauka/gu-vshe/
3455,199,Гидрометцентр РФ,/org/nauka/gidrometcentr/
3458,199,МГИМО,/org/nauka/mgimo/
3457,199,МГТУ им. Баумана,/org/nauka/mgtu/
3456,199,МГУ им. Ломоносова,/org/nauka/mgu/
3832,199,Московская международная киношкола,/org/nauka/kinoshkola/
534,199,Российская академия естественных наук,/org/nauka/raen/
933,199,Российская академия медицинских наук,/org/nauka/ramn/
3460,199,Финансовый университет,/org/nauka/finac/
245,0,Спортивные организации,/org/sportorganizazii/
247,245,Футбольные клубы,/org/sportorganizazii/klubi/
3814,247,"""Амкар""",/org/sportorganizazii/klubi/amkar/
3809,247,"""Анжи""",/org/sportorganizazii/klubi/anzhi/
4120,247,"""Арсенал"" (Лондон)",/org/sportorganizazii/klubi/arsenal/
4146,247,"""Арсенал"" (Тула)",/org/sportorganizazii/klubi/arsenaltula/
3813,247,"""Ахмат""",/org/sportorganizazii/klubi/terek/
4124,247,"""Бавария""",/org/sportorganizazii/klubi/bavaria/
3994,247,"""Барселона""",/org/sportorganizazii/klubi/barcelona/
4128,247,БАТЭ,/org/sportorganizazii/klubi/bate/
3816,247,"""Волга""",/org/sportorganizazii/klubi/fc-volga/
4126,247,"""Динамо"" (Киев)",/org/sportorganizazii/klubi/dynamok/
2386,247,"""Динамо"" (Москва)",/org/sportorganizazii/klubi/fk-dinamo/
4333,247,"""Енисей""",/org/sportorganizazii/klubi/enisey/
338,247,"""Зенит""",/org/sportorganizazii/klubi/zenit/
4122,247,"""Интер""",/org/sportorganizazii/klubi/inter/
3817,247,"""Краснодар""",/org/sportorganizazii/klubi/fc-krasnodar/
2210,247,"""Крылья Советов""",/org/sportorganizazii/klubi/krylia/
3815,247,"""Кубань""",/org/sportorganizazii/klubi/kuban/
4294,247,"""Лестер""",/org/sportorganizazii/klubi/leicester/
4121,247,"""Ливерпуль""",/org/sportorganizazii/klubi/liverpul/
808,247,"""Локомотив""",/org/sportorganizazii/klubi/lokomotiv/
4119,247,"""Манчестер Сити""",/org/sportorganizazii/klubi/mcity/
4118,247,"""Манчестер Юнайтед""",/org/sportorganizazii/klubi/mu/
4123,247,"""Милан""",/org/sportorganizazii/klubi/milan/
4335,247,"""Монако""",/org/sportorganizazii/klubi/monako/
4075,247,"""Мордовия""",/org/sportorganizazii/klubi/mordovia/
4334,247,"""Оренбург""",/org/sportorganizazii/klubi/orenburg/
4125,247,"""Пари Сен-Жермен""",/org/sportorganizazii/klubi/pszh/
4117,247,"""Реал"" (Мадрид)",/org/sportorganizazii/klubi/real/
3812,247,"""Ростов""",/org/sportorganizazii/klubi/rostov/
1384,247,"""Рубин""",/org/sportorganizazii/klubi/pubin/
4312,247,"""СКА-Хабаровск""",/org/sportorganizazii/klubi/ska-habarovsk/
4352,247,"""Сочи""",/org/sportorganizazii/klubi/fcsochi/
248,247,"""Спартак""",/org/sportorganizazii/klubi/spartak/
3810,247,"""Спартак"" (Нальчик)",/org/sportorganizazii/klubi/spartak-nalchik/
4351,247,"""Тамбов""",/org/sportorganizazii/klubi/fctambov/
3811,247,"""Томь""",/org/sportorganizazii/klubi/tomj/
4147,247,"""Торпедо""",/org/sportorganizazii/klubi/torpedo/
4313,247,"""Тосно""",/org/sportorganizazii/klubi/tosno/
4131,247,"""Урал""",/org/sportorganizazii/klubi/ural/
4148,247,"""Уфа""",/org/sportorganizazii/klubi/ufa/
4405,247,"ФК ""Химки""",/org/sportorganizazii/klubi/khimki/
4311,247,"""Халл Сити""",/org/sportorganizazii/klubi/hullcity/
504,247,ЦСКА,/org/sportorganizazii/klubi/zska/
2151,247,"""Челси""",/org/sportorganizazii/klubi/chelsea/
4127,247,"""Шахтер""",/org/sportorganizazii/klubi/shahter/
4143,247,"""Ювентус""",/org/sportorganizazii/klubi/juventus/
3907,245,Хоккейные клубы,/org/sportorganizazii/hockeyteams/
3909,3907,"""Авангард""",/org/sportorganizazii/hockeyteams/avangard/
3929,3907,"""Автомобилист""",/org/sportorganizazii/hockeyteams/avtomobilist/
4222,3907,"""Адмирал""",/org/sportorganizazii/hockeyteams/admiral/
3910,3907,"""Ак Барс""",/org/sportorganizazii/hockeyteams/akbars/
3930,3907,"""Амур""",/org/sportorganizazii/hockeyteams/amur/
3931,3907,"""Барыс""",/org/sportorganizazii/hockeyteams/barys/
3920,3907,"""Витязь""",/org/sportorganizazii/hockeyteams/vityaz/
3927,3907,"""Динамо"" Минск",/org/sportorganizazii/hockeyteams/dinamominsk/
3911,3907,"""Динамо"" Москва",/org/sportorganizazii/hockeyteams/dinamo/
3922,3907,"""Динамо"" Рига",/org/sportorganizazii/hockeyteams/dinamoriga/
4223,3907,"""Йокерит""",/org/sportorganizazii/hockeyteams/iokerit/
4303,3907,"""Куньлунь Ред Стар""",/org/sportorganizazii/hockeyteams/kunlun/
4224,3907,"""Лада""",/org/sportorganizazii/hockeyteams/lada/
3921,3907,"""Локомотив""",/org/sportorganizazii/hockeyteams/hclokomotiv/
4225,3907,"""Медвешчак""",/org/sportorganizazii/hockeyteams/medveshchak/
3923,3907,"""Металлург"" Магнитогорск",/org/sportorganizazii/hockeyteams/metallurgmag/
3925,3907,"""Металлург"" Новокузнецк",/org/sportorganizazii/hockeyteams/metallurgkuz/
3926,3907,"""Нефтехимик""",/org/sportorganizazii/hockeyteams/neftehimik/
3912,3907,"""Салават Юлаев""",/org/sportorganizazii/hockeyteams/salavat/
3928,3907,"""Северсталь""",/org/sportorganizazii/hockeyteams/severstal/
3932,3907,"""Сибирь""",/org/sportorganizazii/hockeyteams/hcsibir/
3913,3907,СКА,/org/sportorganizazii/hockeyteams/ska/
4226,3907,"""Слован""",/org/sportorganizazii/hockeyteams/slovan/
4227,3907,"""Сочи""",/org/sportorganizazii/hockeyteams/sochi/
3916,3907,"""Спартак""",/org/sportorganizazii/hockeyteams/hcspartak/
3924,3907,"""Торпедо""",/org/sportorganizazii/hockeyteams/hctorpedo/
3933,3907,"""Трактор""",/org/sportorganizazii/hockeyteams/traktor/
3917,3907,ЦСКА,/org/sportorganizazii/hockeyteams/hccska/
3934,3907,"""Югра""",/org/sportorganizazii/hockeyteams/yugra/
3914,245,Баскетбольные клубы,/org/sportorganizazii/basketteams/
3915,3914,ПБК ЦСКА,/org/sportorganizazii/basketteams/pbkcska/
4354,3914,"БК ""Химки""",/org/sportorganizazii/basketteams/bkhimki/
2213,245,ФИФА,/org/sportorganizazii/FIFA/
561,245,Российский футбольный союз,/org/sportorganizazii/rosfutbsouz/
562,561,Сборная России по футболу,/org/sportorganizazii/rosfutbsouz/sbornfutbrus/
414,245,УЕФА,/org/sportorganizazii/uefa/
1302,245,Российская премьер-лига,/org/sportorganizazii/rfl/
1830,245,Федерация хоккея России,/org/sportorganizazii/fedhokkei/
2957,1830,Сборная России по хоккею,/org/sportorganizazii/fedhokkei/hoksbornaya/
531,245,МОК,/org/sportorganizazii/mok/
475,245,Олимпийский комитет России,/org/sportorganizazii/olimpkomitetros/
3773,3287,Саратов,/region/pfo/saratovobl/saratov/
4323,245,Спортивный арбитражный суд (CAS),/org/sportorganizazii/cas/
2393,245,WADA,/org/sportorganizazii/vada/
1563,245,Всероссийская федерация волейбола,/org/sportorganizazii/voleibol/
1974,245,Всероссийская федерация легкой атлетики,/org/sportorganizazii/atletika/
1034,245,"Всероссийское добровольное общество ""Спортивная Россия""",/org/sportorganizazii/sportros/
1602,245,Международный союз биатлонистов,/org/sportorganizazii/biatlon/
1303,245,Российская федерация баскетбола,/org/sportorganizazii/fbr/
2355,245,Федерация дзюдо,/org/sportorganizazii/federdzydo/
412,245,Федерация тенниса России,/org/sportorganizazii/federatsija/
1348,245,Федерация фигурного катания,/org/sportorganizazii/fedfigurnogo/
1306,245,Федерация хоккея с мячом России,/org/sportorganizazii/fhsm/
3467,0,Москва,/org/moscow/
3468,3467,Правительство Москвы,/org/moscow/govmoscow/
3469,3467,Мэр Москвы,/org/moscow/mermoscow/
3470,3467,Московская городская дума,/org/moscow/mosgorduma/
3472,3467,ГУМВД Москвы,/org/moscow/guvdmoscow/
3473,3467,ГИБДД Москвы,/org/moscow/gibddmoscow/
3471,3467,Прокуратура Москвы,/org/moscow/prokmoscow/
4046,0,Московская область,/org/podmoskovie/
4047,4046,Губернатор Московской области,/org/podmoskovie/gubernator/
4048,4046,Правительство Московской области,/org/podmoskovie/pravitelstvo/
4049,4046,Мособлдума,/org/podmoskovie/mosoblduma/
375,0,"""Российская газета""",/org/rg/
4142,375,"Журнал ""Родина""",/org/rg/rodina/
3943,0,Филиалы РГ,/org/filial/
3944,3943,Башкортостан,/org/filial/bashkortostan/
3958,3943,Волга-Кама,/org/filial/volga-kama/
3946,3943,Восточная Сибирь,/org/filial/enisey/
3945,3943,Дальний Восток,/org/filial/dvostok/
4161,3943,Крым,/org/filial/krym/
3948,3943,Кубань. Северный Кавказ,/org/filial/kuban/
3950,3943,Пермский край,/org/filial/permkray/
3951,3943,Приволжье,/org/filial/privolzhe/
3952,3943,РГ за рубежом,/org/filial/rbth/
3956,3943,Северо-Запад,/org/filial/szapad/
3954,3943,Сибирь,/org/filial/sibir/
3955,3943,Средняя Волга,/org/filial/svolga/
3949,3943,Столица,/org/filial/moskva/
3957,3943,Урал и Западная Сибирь,/org/filial/ural/
3953,3943,Центральная Россия,/org/filial/roscentr/
3947,3943,Юг России,/org/filial/jugrossii/
1-up,,region,/region/
3935,1,ДФО,/region/dfo/
3255,3935,Амурская область,/region/dfo/amur/
3711,3255,Благовещенск,/region/dfo/amur/blagov/
4336,3935,Бурятия,/region/dfo/buryatia/
4337,4336,Улан-Удэ,/region/dfo/buryatia/ulanude/
3236,3935,Еврейская АО,/region/dfo/eao/
3712,3236,Биробиджан,/region/dfo/eao/biro/
4338,3935,Забайкальский край,/region/dfo/zabaikalie/
4339,4338,Чита,/region/dfo/zabaikalie/chita/
1503,3935,Камчатский край,/region/dfo/kamchatka/
3713,1503,Петропавловск-Камчатский,/region/dfo/kamchatka/petro/
3402,3935,Магаданская область,/region/dfo/magadanobl/
3717,3402,Магадан,/region/dfo/magadanobl/magadan/
3379,3935,Приморский край,/region/dfo/primorie/
3718,3379,Владивосток,/region/dfo/primorie/vladivostok/
3714,3935,Сахалинская область,/region/dfo/sakhalin/
3716,3714,Курильские острова,/region/dfo/sakhalin/kurily/
3715,3714,Южно-Сахалинск,/region/dfo/sakhalin/yzhsakh/
1117,3935,Хабаровский край,/region/dfo/habkrai/
3721,1117,Хабаровск,/region/dfo/habkrai/habarovsk/
1164,3935,Чукотский АО,/region/dfo/chukotka/
3723,1164,Анадырь,/region/dfo/chukotka/anadyr/
3260,3935,Якутия,/region/dfo/yakutia/
3724,3260,Якутск,/region/dfo/yakutia/yakutsk/
3936,1,ПФО,/region/pfo/
2711,3936,Башкортостан,/region/pfo/bashkortostan/
2712,2711,Уфа,/region/pfo/bashkortostan/ufa/
56,3936,Пермский край,/region/pfo/permkray/
125,56,Пермь,/region/pfo/permkray/perm/
1468,3936,Кировская область,/region/pfo/kirovskaja/
3749,1468,Киров,/region/pfo/kirovskaja/kirov/
1105,3936,Марий Эл,/region/pfo/ml/
3696,1105,Йошкар-Ола,/region/pfo/ml/yosh/
1605,3936,Мордовия,/region/pfo/mordovija/
3772,1605,Саранск,/region/pfo/mordovija/saransk/
2252,3936,Нижегородская область,/region/pfo/nizhegorodskaya/
3746,2252,Нижний Новгород,/region/pfo/nizhegorodskaya/nnovgorod/
1544,3936,Оренбургская область,/region/pfo/orenburgskaya/
3771,1544,Оренбург,/region/pfo/orenburgskaya/orenburg/
1804,3936,Пензенская область,/region/pfo/penzobl/
3770,1804,Пенза,/region/pfo/penzobl/penza/
1200,3936,Самарская область,/region/pfo/samarskay/
3768,1200,Самара,/region/pfo/samarskay/samara/
3287,3936,Саратовская область,/region/pfo/saratovobl/
702,3936,Татарстан,/region/pfo/tatarstan/
3694,702,Казань,/region/pfo/tatarstan/kazan/
2952,3936,Удмуртия,/region/pfo/udmurtija/
3751,2952,Ижевск,/region/pfo/udmurtija/izhevsk/
1318,3936,Ульяновская область,/region/pfo/ulyanovskaya/
3767,1318,Ульяновск,/region/pfo/ulyanovskaya/ulyanovsk/
1029,3936,Чувашская республика,/region/pfo/chuvashskresp/
3695,1029,Чебоксары,/region/pfo/chuvashskresp/cheb/
3937,1,СЗФО,/region/szfo/
3243,3937,Архангельская область,/region/szfo/arkhan/
3752,3243,Архангельск,/region/szfo/arkhan/arkhangelsk/
3687,3937,Вологодская область,/region/szfo/vologobl/
3688,3687,Вологда,/region/szfo/vologobl/vologda/
3373,3937,Калининградская область,/region/szfo/kalinobl/
3753,3373,Калининград,/region/szfo/kalinobl/kgrad/
2458,3937,Карелия,/region/szfo/karelia/
3756,2458,Петрозаводск,/region/szfo/karelia/petroz/
265,3937,Ленинградская область,/region/szfo/lenoblast/
3241,3937,Мурманская область,/region/szfo/murman/
3758,3241,Мурманск,/region/szfo/murman/murmansk/
3245,3937,Ненецкий АО,/region/szfo/nao/
3759,3245,Нарьян-Мар,/region/szfo/nao/naryan/
723,3937,Новгородская область,/region/szfo/novgoroblast/
3757,723,Великий Новгород,/region/szfo/novgoroblast/vnovgorod/
1466,3937,Псковская область,/region/szfo/pskovskaja/
3755,1466,Псков,/region/szfo/pskovskaja/pskov/
3797,3937,Республика Коми,/region/szfo/komi/
3798,3797,Сыктывкар,/region/szfo/komi/syktyvkar/
38,3937,Санкт-Петербург,/region/szfo/spb/
3938,1,СКФО,/region/skfo/
1618,3938,Дагестан,/region/skfo/dagestan/
3790,1618,Махачкала,/region/skfo/dagestan/makha/
3327,3938,Ингушетия,/region/skfo/ingushetia/
3728,3327,Магас,/region/skfo/ingushetia/magas/
3328,3938,Кабардино-Балкария,/region/skfo/kbr/
3737,3328,Нальчик,/region/skfo/kbr/nalchik/
3329,3938,Карачаево-Черкесия,/region/skfo/kchr/
3738,3329,Черкесск,/region/skfo/kchr/cherkessk/
3336,3938,Северная Осетия,/region/skfo/alania/
3744,3336,Владикавказ,/region/skfo/alania/vladikavkaz/
3338,3938,Ставропольский край,/region/skfo/stavkray/
3739,3338,Ставрополь,/region/skfo/stavkray/stavropol/
3340,3938,Чеченская Республика,/region/skfo/chr/
3735,3340,Грозный,/region/skfo/chr/grozny/
3939,1,СФО,/region/sibfo/
3288,3939,Алтайский край,/region/sibfo/altay/
3760,3288,Барнаул,/region/sibfo/altay/barnaul/
3283,3939,Иркутская область,/region/sibfo/irkutskobl/
3710,3283,Иркутск,/region/sibfo/irkutskobl/irkutsk/
3295,3939,Кемеровская область,/region/sibfo/kemerobl/
3765,3295,Кемерово,/region/sibfo/kemerobl/kemerovo/
2786,3939,Красноярский край,/region/sibfo/krasnoyarski/
3698,2786,Красноярск,/region/sibfo/krasnoyarski/krasnoyrsk/
1387,3939,Новосибирская область,/region/sibfo/novosibirskaya/
3764,1387,Новосибирск,/region/sibfo/novosibirskaya/novosibirsk/
3293,3939,Омская область,/region/sibfo/omskobl/
3762,3293,Омск,/region/sibfo/omskobl/omsk/
3291,3939,Республика Алтай,/region/sibfo/respubaltay/
3761,3291,Горно-Алтайск,/region/sibfo/respubaltay/galtay/
872,3939,Томская область,/region/sibfo/tomskobl/
3763,872,Томск,/region/sibfo/tomskobl/tomsk/
2777,3939,Тыва,/region/sibfo/tyva/
3707,2777,Кызыл,/region/sibfo/tyva/kyzyl/
2784,3939,Хакасия,/region/sibfo/hakasia/
3697,2784,Абакан,/region/sibfo/hakasia/abakan/
3940,1,УрФО,/region/urfo/
3273,3940,Курганская область,/region/urfo/kurganobl/
3785,3273,Курган,/region/urfo/kurganobl/kurgan/
874,3940,Свердловская область,/region/urfo/sverdlovskobl/
3782,874,Екатеринбург,/region/urfo/sverdlovskobl/ekaterinburg/
3374,3940,Тюменская область,/region/urfo/tumenobl/
3781,3374,Тюмень,/region/urfo/tumenobl/tumen/
3377,3940,ХМАО,/region/urfo/hmao/
3776,3377,Ханты-Мансийск,/region/urfo/hmao/hanty/
3275,3940,Челябинская область,/region/urfo/chelobl/
3775,3275,Челябинск,/region/urfo/chelobl/chelyabinsk/
3378,3940,ЯНАО,/region/urfo/yanao/
3774,3378,Салехард,/region/urfo/yanao/salekhard/
3941,1,ЦФО,/region/cfo/
3300,3941,Белгородская область,/region/cfo/belgorodobl/
3667,3300,Белгород,/region/cfo/belgorodobl/belgorod/
3164,3941,Брянская область,/region/cfo/bryanobl/
3668,3164,Брянск,/region/cfo/bryanobl/bryansk/
3310,3941,Владимирская область,/region/cfo/vladobl/
3669,3310,Владимир,/region/cfo/vladobl/vladimir/
3298,3941,Воронежская область,/region/cfo/voronezhobl/
3671,3298,Воронеж,/region/cfo/voronezhobl/voronezh/
3314,3941,Ивановская область,/region/cfo/ivanobl/
3672,3314,Иваново,/region/cfo/ivanobl/ivanovo/
3157,3941,Калужская область,/region/cfo/kalugobl/
3673,3157,Калуга,/region/cfo/kalugobl/kaluga/
3316,3941,Костромская область,/region/cfo/kostromobl/
3674,3316,Кострома,/region/cfo/kostromobl/kostroma/
3307,3941,Курская область,/region/cfo/kurskobl/
3675,3307,Курск,/region/cfo/kurskobl/kursk/
3302,3941,Липецкая область,/region/cfo/lipetskobl/
3676,3302,Липецк,/region/cfo/lipetskobl/lipetsk/
3132,3941,Москва,/region/cfo/stolica/
2982,3941,Московская область,/region/cfo/podmoskovie/
4099,2982,Балашиха,/region/cfo/podmoskovie/balashikha/
4109,2982,Железнодорожный,/region/cfo/podmoskovie/zheleznodor/
4106,2982,Коломна,/region/cfo/podmoskovie/kolomna/
4101,2982,Королев,/region/cfo/podmoskovie/korolev/
4112,2982,Красногорск,/region/cfo/podmoskovie/krasnogorsk/
4103,2982,Люберцы,/region/cfo/podmoskovie/lybercy/
4104,2982,Мытищи,/region/cfo/podmoskovie/mytischi/
4107,2982,Одинцово,/region/cfo/podmoskovie/odincovo/
4102,2982,Подольск,/region/cfo/podmoskovie/podolsk/
4111,2982,Серпухов,/region/cfo/podmoskovie/serpukhov/
4100,2982,Химки,/region/cfo/podmoskovie/khimki/
4105,2982,Электросталь,/region/cfo/podmoskovie/electrostal/
3304,3941,Орловская область,/region/cfo/orelobl/
3677,3304,Орел,/region/cfo/orelobl/orel/
3158,3941,Рязанская область,/region/cfo/ryazanobl/
3682,3158,Рязань,/region/cfo/ryazanobl/ryzan/
3161,3941,Смоленская область,/region/cfo/smolenobl/
3683,3161,Смоленск,/region/cfo/smolenobl/smolensk/
3306,3941,Тамбовская область,/region/cfo/tambobl/
3684,3306,Тамбов,/region/cfo/tambobl/tambov/
3318,3941,Тверская область,/region/cfo/tverobl/
3685,3318,Тверь,/region/cfo/tverobl/tver/
3163,3941,Тульская область,/region/cfo/tulobl/
3686,3163,Тула,/region/cfo/tulobl/tula/
3322,3941,Ярославская область,/region/cfo/yarobl/
3681,3322,Ярославль,/region/cfo/yarobl/yaroslavl/
3942,1,ЮФО,/region/ufo/
617,3942,Адыгея,/region/ufo/adygeya/
3725,617,Майкоп,/region/ufo/adygeya/maykop/
3246,3942,Астраханская область,/region/ufo/astrakhanobl/
3788,3246,Астрахань,/region/ufo/astrakhanobl/astrakhan/
3249,3942,Волгоградская область,/region/ufo/volgogradobl/
3789,3249,Волгоград,/region/ufo/volgogradobl/volgograd/
2434,3942,Калмыкия,/region/ufo/kalmykia/
3791,2434,Элиста,/region/ufo/kalmykia/elista/
1482,3942,Краснодарский край,/region/ufo/krasnodarkray/
3726,1482,Краснодар,/region/ufo/krasnodarkray/krasnodar/
4299,3942,Республика Крым,/region/ufo/krym/
4301,4299,Симферополь,/region/ufo/krym/simferopol/
1374,3942,Ростовская область,/region/ufo/rostovskaya/
3792,1374,Ростов-на-Дону,/region/ufo/rostovskaya/rnd/
4300,3942,Севастополь,/region/ufo/sevastopol/
2-up,,theme,/theme/
3052,2,Власть,/tema/gos/
3053,3052,Работа власти,/tema/gos/vlast/
3062,3053,Госуправление,/tema/gos/vlast/otchet/
4230,3053,Внутренняя политика,/tema/gos/vlast/vnutr/
4231,3053,Внешняя политика,/tema/gos/vlast/vnesh/
3064,3053,Регионы,/tema/gos/vlast/region/
3066,3053,Госнаграды,/tema/gos/vlast/nagradi/
4232,3053,Судебная система,/tema/gos/vlast/sud/
3055,3052,Право,/tema/gos/pravo/
4283,3055,Земельное право,/tema/gos/pravo/zemelnoe/
3845,3055,Гражданское право,/tema/gos/pravo/grajdan/
3844,3055,Административное право,/tema/gos/pravo/admin/
3849,3055,Жилищное право,/tema/gos/pravo/jilie/
3848,3055,Трудовое право,/tema/gos/pravo/trud/
3846,3055,Уголовное право,/tema/gos/pravo/uk/
3850,3055,Семейное право,/tema/gos/pravo/semia/
3847,3055,Финансовое право,/tema/gos/pravo/finans/
3985,3055,Транспортное право,/tema/gos/pravo/transport/
4234,3055,Права человека,/tema/gos/pravo/chelovek/
3075,3055,Личные документы,/tema/gos/pravo/dokumenti/
3983,3055,Юрконсультация,/tema/gos/pravo/yurist/
3057,3052,Безопасность,/tema/gos/voennie/
3076,3057,Армия,/tema/gos/voennie/armia/
3077,3057,Спецслужбы,/tema/gos/voennie/spec/
3853,3057,Правоохранительная система,/tema/gos/voennie/pravoporyadok/
4233,3052,Позиция,/tema/gos/mnenie/
9,2,Экономика,/tema/ekonomika/
2677,9,Макроэкономика,/tema/ekonomika/politekonom/
4241,9,ВЭД,/tema/ekonomika/vnesh/
3818,9,Казна,/tema/ekonomika/kazna/
3819,3818,Федеральный бюджет,/tema/ekonomika/kazna/budget/
3820,3818,Бюджеты регионов,/tema/ekonomika/kazna/regbudget/
191,9,Финансы,/tema/ekonomika/finansy/
390,191,Банки,/tema/ekonomika/finansy/banki/
985,191,Валютный рынок,/tema/ekonomika/finansy/valuta/
778,191,Фондовый рынок,/tema/ekonomika/finansy/tsennye/
805,191,Инвестиции,/tema/ekonomika/finansy/kredity/
4242,191,Налоги,/tema/ekonomika/finansy/nalog/
4243,191,Долги и кредиты,/tema/ekonomika/finansy/kredit/
4341,9,Страхование,/tema/ekonomika/strahovanie/
79,9,Бизнес,/tema/ekonomika/business/
2730,79,Крупные компании,/tema/ekonomika/business/news/
3504,79,Малый бизнес,/tema/ekonomika/business/small/
3831,79,Инновации,/tema/ekonomika/business/innovacii/
3481,9,Отрасли,/tema/ekonomika/industria/
3482,3481,Промышленность,/tema/ekonomika/industria/prom/
3483,3481,Энергетика,/tema/ekonomika/industria/energo/
4262,3481,Нефть и газ,/tema/ekonomika/industria/neftegaz/
4263,3481,Ресурсы,/tema/ekonomika/industria/resursi/
4264,3481,Фарминдустрия,/tema/ekonomika/industria/farmindustrija/
4265,3481,Связь,/tema/ekonomika/industria/svyaz/
4244,9,Транспорт,/tema/ekonomika/transport/
4248,4244,Авиатранспорт,/tema/ekonomika/transport/avia/
4249,4244,Водный транспорт,/tema/ekonomika/transport/aqua/
4250,4244,Железные дороги,/tema/ekonomika/transport/rail/
4251,4244,Общественный транспорт,/tema/ekonomika/transport/share/
4253,4244,Бензин,/tema/ekonomika/transport/benzin/
4245,9,АПК,/tema/ekonomika/apk/
4246,9,Недвижимость,/tema/ekonomika/realty/
4257,4246,Жилая недвижимость,/tema/ekonomika/realty/zhilaya/
4258,4246,Коммерческая недвижимость,/tema/ekonomika/realty/kommercheskaya/
4259,4246,Ипотека,/tema/ekonomika/realty/ipoteka/
4260,4246,Земля,/tema/ekonomika/realty/zemlya/
4261,4246,Инфраструктура,/tema/ekonomika/realty/infrastructura/
4247,9,ЖКХ,/tema/ekonomika/kommunal/
4240,9,Пенсии и пособия,/tema/ekonomika/pensii/
4266,9,Товары и цены,/tema/ekonomika/tovary/
4267,9,Туризм,/tema/ekonomika/turizm/
3822,9,Работа,/tema/ekonomika/rabota/
3823,3822,Занятость,/tema/ekonomika/rabota/zanyatost/
3824,3822,Зарплата,/tema/ekonomika/rabota/dengi/
3825,3822,Охрана труда,/tema/ekonomika/rabota/ohrana/
11,2,В мире,/tema/mir/
109,11,США,/tema/mir/usa/
33,11,Европа,/tema/mir/Evropa/
2092,33,Австрия,/tema/mir/Evropa/Avstriya/
889,33,Албания,/tema/mir/Evropa/albani/
3854,33,Андорра,/tema/mir/Evropa/andorra/
847,33,Бельгия,/tema/mir/Evropa/belgiy/
1110,33,Болгария,/tema/mir/Evropa/Bolgariy/
790,33,Босния и Герцеговина,/tema/mir/Evropa/bosnia/
2484,33,Ватикан,/tema/mir/Evropa/vatikan/
292,33,Великобритания,/tema/mir/Evropa/velikobritaniya/
763,33,Венгрия,/tema/mir/Evropa/vengria/
243,33,Германия,/tema/mir/Evropa/germaniya/
231,33,Греция,/tema/mir/Evropa/grezia/
2500,33,Дания,/tema/mir/Evropa/dania/
730,33,Ирландия,/tema/mir/Evropa/irlandija/
3143,33,Исландия,/tema/mir/Evropa/iseland/
710,33,Испания,/tema/mir/Evropa/ispania/
34,33,Италия,/tema/mir/Evropa/Italia/
2914,33,Кипр,/tema/mir/Evropa/kypr/
1004,33,Латвия,/tema/mir/Evropa/latvia/
1207,33,Литва,/tema/mir/Evropa/lit/
3410,33,Лихтенштейн,/tema/mir/Evropa/lihtenshtein/
2526,33,Люксембург,/tema/mir/Evropa/luksemburg/
3419,33,Мальта,/tema/mir/Evropa/Malta/
2532,33,Монако,/tema/mir/Evropa/monako/
841,33,Нидерланды,/tema/mir/Evropa/gollandia/
2368,33,Норвегия,/tema/mir/Evropa/Norvegiya/
756,33,Польша,/tema/mir/Evropa/polsha/
1994,33,Португалия,/tema/mir/Evropa/Portugaliya/
861,33,Румыния,/tema/mir/Evropa/rumyniy/
890,33,Северная Македония,/tema/mir/Evropa/makedon/
73,33,Сербия,/tema/mir/Evropa/Serbia/
2937,73,Косово,/tema/mir/Evropa/Serbia/kosovo/
791,33,Словакия,/tema/mir/Evropa/slovakia/
2635,33,Словения,/tema/mir/Evropa/slovenia/
1492,33,Финляндия,/tema/mir/Evropa/finlyandiya/
590,33,Франция,/tema/mir/Evropa/frantsija/
693,33,Хорватия,/tema/mir/Evropa/hiorvatia/
2659,33,Черногория,/tema/mir/Evropa/chernogoriya/
425,33,Чехия,/tema/mir/Evropa/chehija/
1059,33,Швейцария,/tema/mir/Evropa/schveicariy/
788,33,Швеция,/tema/mir/Evropa/shvetsia/
639,33,Эстония,/tema/mir/Evropa/estonia/
67,11,Ближний Восток,/tema/mir/bligvostok/
442,67,Афганистан,/tema/mir/bligvostok/afganistan/
2468,67,Бахрейн,/tema/mir/bligvostok/bahrein/
116,67,Израиль,/tema/mir/bligvostok/izrail/
1123,67,Иордания,/tema/mir/bligvostok/iordan/
68,67,Ирак,/tema/mir/bligvostok/irak/
760,67,Иран,/tema/mir/bligvostok/iran/
2581,67,Йемен,/tema/mir/bligvostok/yemen/
1976,67,Катар,/tema/mir/bligvostok/katar/
2479,67,Кувейт,/tema/mir/bligvostok/kuveit/
2502,67,Ливан,/tema/mir/bligvostok/livan/
2429,67,ОАЭ,/tema/mir/bligvostok/emiraty/
2538,67,Оман,/tema/mir/bligvostok/oman/
1154,67,Пакистан,/tema/mir/bligvostok/pakistan/
2003,67,Палестина,/tema/mir/bligvostok/palestina/
670,67,Саудовская Аравия,/tema/mir/bligvostok/saudaravia/
2183,67,Сирия,/tema/mir/bligvostok/sirija/
842,67,Турция,/tema/mir/bligvostok/turzija/
229,11,экс-СССР,/tema/mir/sodrugestvo/
3175,229,Абхазия,/tema/mir/sodrugestvo/abhaziya/
240,229,Азербайджан,/tema/mir/sodrugestvo/azerbajdgan/
1249,229,Армения,/tema/mir/sodrugestvo/armenia/
552,229,Беларусь,/tema/mir/sodrugestvo/belarus/
361,229,Грузия,/tema/mir/sodrugestvo/Gruzia/
2255,361,Аджария,/tema/mir/sodrugestvo/Gruzia/Adzharia/
833,229,Казахстан,/tema/mir/sodrugestvo/kazachstan/
849,229,Киргизия,/tema/mir/sodrugestvo/kirgiziy/
526,229,Молдавия,/tema/mir/sodrugestvo/moldavia/
2657,526,Приднестровье,/tema/mir/sodrugestvo/moldavia/pridnestrovije/
1745,229,Таджикистан,/tema/mir/sodrugestvo/tadzikistan/
444,229,Туркмения,/tema/mir/sodrugestvo/turkmenija/
337,229,Узбекистан,/tema/mir/sodrugestvo/uzbekistan/
230,229,Украина,/tema/mir/sodrugestvo/ukraina/
3176,229,Южная Осетия,/tema/mir/sodrugestvo/yugosetiya/
232,11,Восточная Азия,/tema/mir/dalvostok/
4050,232,Китай,/tema/mir/dalvostok/kitay/
4057,232,Тайвань,/tema/mir/dalvostok/taiwan/
797,232,Япония,/tema/mir/dalvostok/japonia/
233,232,Северная Корея,/tema/mir/dalvostok/sevkoreya/
1245,232,Южная Корея,/tema/mir/dalvostok/kor/
4056,232,Монголия,/tema/mir/dalvostok/mongoliya/
287,11,Юго-Восточная Азия,/tema/mir/uvasia/
1440,287,Индия,/tema/mir/uvasia/indija/
2446,287,Бангладеш,/tema/mir/uvasia/bangladesh/
4021,287,Бруней,/tema/mir/uvasia/brunei/
2652,287,Восточный Тимор,/tema/mir/uvasia/timor/
1967,287,Вьетнам,/tema/mir/uvasia/vietnam/
2281,287,Индонезия,/tema/mir/uvasia/indoneziya/
2300,287,Камбоджа,/tema/mir/uvasia/kambodzha/
3581,287,Лаос,/tema/mir/uvasia/laos/
288,287,Малайзия,/tema/mir/uvasia/malaziya/
4023,287,Мальдивы,/tema/mir/uvasia/maldivy/
1272,287,Мьянма (Бирма),/tema/mir/uvasia/birma/
2363,287,Непал,/tema/mir/uvasia/nepal/
2421,287,Сингапур,/tema/mir/uvasia/singapur/
1169,287,Таиланд,/tema/mir/uvasia/tailand/
1954,287,Филиппины,/tema/mir/uvasia/filippiny/
2456,287,Шри-Ланка,/tema/mir/uvasia/shri-lanka/
2397,11,Северная и Центральная Америка,/tema/mir/zentramerika/
4070,2397,Канада,/tema/mir/zentramerika/canada/
4071,2397,Мексика,/tema/mir/zentramerika/mexico/
2685,2397,Куба,/tema/mir/zentramerika/cuba/
2552,2397,Никарагуа,/tema/mir/zentramerika/nikaragua/
3579,2397,Багамские острова,/tema/mir/zentramerika/bagamy/
4130,2397,Белиз,/tema/mir/zentramerika/beliz/
3527,2397,Гаити,/tema/mir/zentramerika/gaiti/
2613,2397,Гватемала,/tema/mir/zentramerika/gvatemala/
2399,2397,Гондурас,/tema/mir/zentramerika/gonduras/
3553,2397,Доминиканская Республика,/tema/mir/zentramerika/dominikrespublik/
2625,2397,Коста-Рика,/tema/mir/zentramerika/kostarika/
2794,2397,Панама,/tema/mir/zentramerika/panama/
2398,2397,Эль-Сальвадор,/tema/mir/zentramerika/salvador/
3404,2397,Ямайка,/tema/mir/zentramerika/jamayka/
770,11,Южная Америка,/tema/mir/ugameroka/
1631,770,Аргентина,/tema/mir/ugameroka/argentina/
2568,770,Боливия,/tema/mir/ugameroka/bolivia/
2554,770,Бразилия,/tema/mir/ugameroka/brazilia/
1543,770,Венесуэла,/tema/mir/ugameroka/venesuela/
3351,770,Гайана,/tema/mir/ugameroka/gayana/
2450,770,Колумбия,/tema/mir/ugameroka/kolumbia/
2325,770,Парагвай,/tema/mir/ugameroka/paraguay/
2444,770,Перу,/tema/mir/ugameroka/peru/
2686,770,Уругвай,/tema/mir/ugameroka/urugvay/
771,770,Чили,/tema/mir/ugameroka/chili/
2546,770,Эквадор,/tema/mir/ugameroka/ekvador/
188,11,Африка,/tema/mir/afrika/
2097,188,Алжир,/tema/mir/afrika/Alzhir/
2498,188,Ангола,/tema/mir/afrika/angola/
4158,188,Бенин,/tema/mir/afrika/benin/
4129,188,Ботсвана,/tema/mir/afrika/botswana/
3836,188,Буркина-Фасо,/tema/mir/afrika/burkina-faso/
4218,188,Бурунди,/tema/mir/afrika/burundi/
3406,188,Габон,/tema/mir/afrika/gabon/
3577,188,Гамбия,/tema/mir/afrika/gambiya/
3239,188,Гана,/tema/mir/afrika/gana/
2649,188,Гвинея,/tema/mir/afrika/gvineya/
3356,188,Гвинея-Бисау,/tema/mir/afrika/gvineyabisau/
4073,188,Демократическая Республика Конго,/tema/mir/afrika/drk/
3808,188,Джибути,/tema/mir/afrika/dzhibuti/
4072,188,Египет,/tema/mir/afrika/egipet/
4098,188,Замбия,/tema/mir/afrika/zambia/
2793,188,Зимбабве,/tema/mir/afrika/zimbabve/
4160,188,Кабо-Верде,/tema/mir/afrika/caboverde/
1646,188,Камерун,/tema/mir/afrika/kamerun/
2673,188,Кения,/tema/mir/afrika/kenia/
2551,188,Конго,/tema/mir/afrika/kongo/
2437,188,Кот-д'Ивуар,/tema/mir/afrika/kotdivuar/
2662,188,Либерия,/tema/mir/afrika/liberiya/
1638,188,Ливия,/tema/mir/afrika/livia/
4084,188,Маврикий,/tema/mir/afrika/mavrikii/
2585,188,Мавритания,/tema/mir/afrika/mavritania/
3348,188,Мадагаскар,/tema/mir/afrika/madagaskar/
2795,188,Малави,/tema/mir/afrika/malavi/
2648,188,Мали,/tema/mir/afrika/mali/
1930,188,Марокко,/tema/mir/afrika/marokko/
3584,188,Мозамбик,/tema/mir/afrika/mozambik/
2570,188,Намибия,/tema/mir/afrika/namibiya/
3564,188,Нигер,/tema/mir/afrika/niger/
2564,188,Нигерия,/tema/mir/afrika/nigeria/
3462,188,Руанда,/tema/mir/afrika/ruanda/
3834,188,Свазиленд,/tema/mir/afrika/svazilend/
3859,188,Сенегал,/tema/mir/afrika/senegal/
2667,188,Сомали,/tema/mir/afrika/somali/
1871,188,Судан,/tema/mir/afrika/sudan/
3582,188,Сьерра-Леоне,/tema/mir/afrika/sierra-leone/
372,188,Танзания,/tema/mir/afrika/tanzania/
2880,188,Того,/tema/mir/afrika/togo/
2214,188,Тунис,/tema/mir/afrika/tunis/
3357,188,Уганда,/tema/mir/afrika/uganda/
3585,188,Центральноафриканская Республика (ЦАР),/tema/mir/afrika/car/
1190,188,Чад,/tema/mir/afrika/chad/
4029,188,Экваториальная Гвинея,/tema/mir/afrika/ekv-gvineya/
2674,188,Эфиопия,/tema/mir/afrika/efiopia/
949,188,ЮАР,/tema/mir/afrika/juar/
3904,188,Южный Судан,/tema/mir/afrika/yuzhsudan/
1557,11,Океания,/tema/mir/okeaniya/
1558,1557,Австралия,/tema/mir/okeaniya/avstraliya/
4132,1557,Вануату,/tema/mir/okeaniya/vanuatu/
1559,1557,Новая Зеландия,/tema/mir/okeaniya/zelandiya/
1560,1557,Папуа-Новая Гвинея,/tema/mir/okeaniya/png/
3418,1557,Самоа,/tema/mir/okeaniya/samoa/
2870,1557,Соломоновы острова,/tema/mir/okeaniya/solomon/
2808,1557,Фиджи,/tema/mir/okeaniya/fidzhi/
3466,11,Антарктида,/tema/mir/antarktida/
12,2,Происшествия,/tema/bezopasnost/
1367,12,ЧП,/tema/bezopasnost/proishestvia/
1568,1367,Аварии и катастрофы,/tema/bezopasnost/proishestvia/avarii/
3138,1367,ДТП,/tema/bezopasnost/proishestvia/dtp/
1436,1367,Несчастные случаи,/tema/bezopasnost/proishestvia/sluchai/
1368,1367,Пожары,/tema/bezopasnost/proishestvia/pogary/
1495,1367,Стихийные бедствия,/tema/bezopasnost/proishestvia/stihii/
61,12,Преступления,/tema/bezopasnost/prestupnost/
495,61,Должностные преступления,/tema/bezopasnost/prestupnost/korrupzija/
4229,61,Криминал,/tema/bezopasnost/prestupnost/criminal/
207,12,Терроризм,/tema/bezopasnost/terrorizm/
2688,207,Теракты,/tema/bezopasnost/terrorizm/terakty/
2687,207,Антитеррор,/tema/bezopasnost/terrorizm/borba/
2910,207,Мировой терроризм,/tema/bezopasnost/terrorizm/mirterror/
462,12,Правосудие,/tema/bezopasnost/porjadok/
2757,462,Следствие,/tema/bezopasnost/porjadok/sledstvie/
2759,462,Суд,/tema/bezopasnost/porjadok/prigovor/
2756,462,Тюрьмы,/tema/bezopasnost/porjadok/tyurma/
1108,462,Охрана порядка,/tema/bezopasnost/porjadok/profilaktika/
13,2,Общество,/tema/obshestvo/
4272,13,Здоровье,/tema/obshestvo/zdorovje/
4273,13,Наука,/tema/obshestvo/nauka/
4274,13,Образование,/tema/obshestvo/obrazovanie/
4087,13,Семья и дети,/tema/obshestvo/semia/
4275,13,Природа,/tema/obshestvo/priroda/
4276,13,Космос,/tema/obshestvo/kosmos/
4277,13,Экология,/tema/obshestvo/ekologija/
4278,13,История,/tema/obshestvo/istorija/
4115,13,Религия,/tema/obshestvo/religion/
3530,13,Соцсфера,/tema/obshestvo/socio/
4235,3530,Миграция,/tema/obshestvo/socio/migranti/
4236,3530,Демография,/tema/obshestvo/socio/demo/
4237,3530,Социология,/tema/obshestvo/socio/socio/
4238,3530,Соцзащита,/tema/obshestvo/socio/zachita/
4239,3530,Помощь пострадавшим,/tema/obshestvo/socio/pomochj/
4279,13,СМИ и соцсети,/tema/obshestvo/smi/
3533,13,Утраты,/tema/obshestvo/utraty/
249,13,Ежедневник,/tema/obshestvo/prazdniki/
4282,249,Светская хроника,/tema/obshestvo/prazdniki/chronika/
2762,249,Гороскоп,/tema/obshestvo/prazdniki/goroskop/
2754,249,Праздники,/tema/obshestvo/prazdniki/prazdniki/
3551,249,Образ жизни,/tema/obshestvo/prazdniki/stil/
3550,249,Погода,/tema/obshestvo/prazdniki/pogoda/
15,2,Спорт,/tema/sport/
241,15,Футбол,/tema/sport/futbol/
2378,241,Чемпионат мира,/tema/sport/futbol/chempmira/
840,241,Лига чемпионов УЕФА,/tema/sport/futbol/ligauefa/
2504,241,Лига Европы,/tema/sport/futbol/kubokuefa/
242,241,Чемпионат России,/tema/sport/futbol/chempRoss/
4090,241,Футбольная национальная лига,/tema/sport/futbol/fnl/
4091,241,Второй дивизион,/tema/sport/futbol/division/
4092,241,Кубок России,/tema/sport/futbol/kubok/
3804,241,Европейские чемпионаты,/tema/sport/futbol/championships/
681,241,Чемпионат Европы,/tema/sport/futbol/evropa/
4322,241,Лига наций,/tema/sport/futbol/liganaciy/
343,241,Игроки и тренеры,/tema/sport/futbol/igroki/
2571,241,Вокруг футбола,/tema/sport/futbol/okolofutbol/
1850,241,Товарищеские матчи,/tema/sport/futbol/tovarish/
4304,241,Мини-футбол,/tema/sport/futbol/mini-futbol/
4157,241,Пляжный футбол,/tema/sport/futbol/plyazh-futbol/
340,15,Хоккей,/tema/sport/hokkej/
2597,340,Чемпионат КХЛ (Континентальная лига),/tema/sport/hokkej/chempionat/
4093,340,Высшая хоккейная лига,/tema/sport/hokkej/vhl/
341,340,Чемпионат НХЛ,/tema/sport/hokkej/stenli/
2161,340,Чемпионат мира,/tema/sport/hokkej/chmir/
3238,340,Евротур,/tema/sport/hokkej/eurotur/
3345,340,Клубные турниры,/tema/sport/hokkej/league/
1355,340,Хоккей с мячом,/tema/sport/hokkej/hokkeismyachom/
995,340,Игроки и тренеры,/tema/sport/hokkej/igroki/
410,15,Теннис,/tema/sport/tennis/
810,410,Игроки,/tema/sport/tennis/igroki/
2723,410,Кубок Дэвиса,/tema/sport/tennis/daviscup/
809,410,Кубок Кремля,/tema/sport/tennis/kubokkremlja/
411,410,Кубок Федерации,/tema/sport/tennis/kubok/
2724,410,Турниры ATP и WTA,/tema/sport/tennis/wta-atp/
2615,410,"Турниры ""Большого шлема""",/tema/sport/tennis/turniry/
4097,15,Биатлон,/tema/sport/biatlon/
2708,15,Фигурное катание,/tema/sport/figurnoe/
2707,15,Бокс,/tema/sport/boks/
2709,15,Баскетбол,/tema/sport/basketbol/
3346,15,Волейбол,/tema/sport/volleyball/
2710,15,Формула-1,/tema/sport/formula/
2696,15,Виды спорта,/tema/sport/raznoe/
2697,2696,Автомото,/tema/sport/raznoe/avtomoto/
4221,2696,Велоспорт,/tema/sport/raznoe/velo/
2698,2696,Водный спорт,/tema/sport/raznoe/voda/
4309,2696,Гандбол,/tema/sport/raznoe/gandbol/
2704,2696,Гимнастика,/tema/sport/raznoe/gimnastika/
2699,2696,Единоборства и силовые виды,/tema/sport/raznoe/borba/
2700,2696,Зимний спорт,/tema/sport/raznoe/zimnie/
2701,2696,Командный спорт,/tema/sport/raznoe/komanda/
2703,2696,Легкая атлетика,/tema/sport/raznoe/atletika/
2705,2696,Настольные виды,/tema/sport/raznoe/stol/
4404,2696,Регби,/tema/sport/raznoe/rugby/
2706,2696,Экстремальный спорт,/tema/sport/raznoe/ekstrim/
2796,15,Олимпийские игры,/tema/sport/igra/
351,15,Спортивная жизнь,/tema/sport/fizkultprivet/
2064,351,Допинг,/tema/sport/fizkultprivet/doping/
2068,351,Спортсмены,/tema/sport/fizkultprivet/sportsmeny/
4310,351,Физкультура,/tema/sport/fizkultprivet/fizkultura/
4306,15,Шахматы,/tema/sport/shahmaty/
4353,15,Паралимпийский спорт,/tema/sport/paralympic/
14,2,Культура,/tema/kultura/
3865,14,Кино и ТВ,/tema/kultura/kino/
3866,3865,Мировое кино,/tema/kultura/kino/mirkino/
3867,3865,Наше кино,/tema/kultura/kino/ruskino/
3870,3865,Документальное кино,/tema/kultura/kino/dockino/
3869,3865,Анимация,/tema/kultura/kino/cartoon/
4078,3865,ТВ и сериалы,/tema/kultura/kino/tv/
3880,14,Музыка,/tema/kultura/music/
3881,3880,Классика,/tema/kultura/music/classic/
3882,3880,Поп-музыка,/tema/kultura/music/pop/
3883,3880,Рок,/tema/kultura/music/rock/
3884,3880,Джаз,/tema/kultura/music/jazz/
3885,3880,Фолк,/tema/kultura/music/folk/
3872,14,Театр,/tema/kultura/teatr/
3873,3872,Драматический театр,/tema/kultura/teatr/drama/
3878,3872,Музыкальный театр,/tema/kultura/teatr/muzteatr/
3879,3872,Шоу,/tema/kultura/teatr/show/
4284,3872,Танец,/tema/kultura/teatr/tanets/
3887,14,Арт,/tema/kultura/art/
3901,3887,Живопись,/tema/kultura/art/painting/
3888,3887,Актуальное искусство,/tema/kultura/art/contemporary/
3889,3887,Фотография,/tema/kultura/art/photo/
4079,3887,Архитектура,/tema/kultura/art/architecture/
3890,3887,Музеи и памятники,/tema/kultura/art/museum/
3891,3887,Народные промыслы,/tema/kultura/art/folkart/
4280,3887,Аукционы и коллекции,/tema/kultura/art/auktsion/
3893,14,Литература,/tema/kultura/literatura/
4269,14,Культурный обмен,/tema/kultura/obmen/
4149,2,Digital,/tema/digital/
4152,4149,Интернет,/tema/digital/internet/
4155,4149,Технологии,/tema/digital/tech/
4153,4149,Гаджеты,/tema/digital/gadjets/
4151,4149,Игры,/tema/digital/games/
4154,4149,Видео,/tema/digital/top/
4195,2,Русское оружие,/tema/sila/
4196,4195,Вооружение России,/tema/sila/vooruzhenie/
4197,4195,Технологии,/tema/sila/technologii/
4198,4195,Мировой арсенал,/tema/sila/arsenal/
4199,4195,История,/tema/sila/istoriya/
4200,2,"""Родина""",/tema/rodina/
4205,4200,Домашний архив,/tema/rodina/archive/
4216,4200,Новости,/tema/rodina/news/
4201,4200,Cудьбы,/tema/rodina/sudby/
4219,4200,Дискуссии,/tema/rodina/dis/
4228,4200,Кухня,/tema/rodina/eda/
4207,4200,Научная библиотека,/tema/rodina/library/
4220,4200,Реликвии,/tema/rodina/rel/
4215,4200,Дороги,/tema/rodina/dorogi/
4203,4200,Загадки,/tema/rodina/zagadky/
4202,4200,Легенды,/tema/rodina/legendy/
4295,4200,О войне,/tema/rodina/voyna/
4206,4200,Отклики,/tema/rodina/post/
4208,4200,Родная речь,/tema/rodina/lexicon/
4204,4200,Фотоальбом,/tema/rodina/photo/
4209,2,Кинократия,/tema/kino/
4210,4209,Новости,/tema/kino/news/
4211,4209,Рецензии,/tema/kino/rakurs/
4214,4209,Журнал,/tema/kino/journal/
4314,2,Авто,/tema/auto/
4318,4314,Легковые авто,/tema/auto/cars/
4320,4314,Российский автопром,/tema/auto/rusauto/
4319,4314,ПДД,/tema/auto/pdd/
4316,4314,Дороги,/tema/auto/roads/
4317,4314,Страхование,/tema/auto/insurance/
4340,4314,Видео,/tema/auto/video/
4321,4314,Коммерческий транспорт,/tema/auto/kommtrans/
4326,2,Стиль,/tema/style/
4370,4326,Гастрономия,/tema/style/gastronomy/
4327,4326,Коллекция,/tema/style/collection/
4331,4326,Косметика и парфюмерия,/tema/style/beauty/
4332,4326,Личное время,/tema/style/personaltime/
4330,4326,Люди,/tema/style/people/
4329,4326,Маршруты,/tema/style/routes/
4367,4326,Мода,/tema/style/fashion/
4328,4326,Среда обитания,/tema/style/habitat/
4371,4326,Украшения,/tema/style/jewellery/
4369,4326,Часы,/tema/style/clock/
